{
  "n_vr": 94,
  "n_text": 93,
  "R1": {
    "vr_mean": 1.5851063829787233,
    "vr_med": 2.0,
    "vr_sd": 0.7677585651540604,
    "tx_mean": 1.7741935483870968,
    "tx_med": 2.0,
    "tx_sd": 0.6448631849851786,
    "U": 3777.5,
    "p": 0.07556079836180275,
    "r": 0.13578128574696868
  },
  "R2": {
    "vr_mean": 2.904255319148936,
    "vr_med": 3.0,
    "vr_sd": 1.344596105452994,
    "tx_mean": 3.3333333333333335,
    "tx_med": 4.0,
    "tx_sd": 1.1357178665776848,
    "U": 3580.5,
    "p": 0.02503221031569221,
    "r": 0.18085106382978722
  },
  "WC": {
    "vr_mean": 321.5531914893617,
    "vr_med": 303.5,
    "vr_sd": 133.47317535030015,
    "tx_mean": 148.95698924731184,
    "tx_med": 141.0,
    "tx_sd": 52.62023787778901,
    "U": 8013.0,
    "p": 7.570605923685534e-23,
    "r": -0.8332189430336308
  },
  "spearman_wc_r2": {
    "rho": 0.12482430801211564,
    "p": 0.08872440702429676
  },
  "ord_R1": {
    "text": {
      "coef": 1.625097152741319,
      "OR": 5.078912443478608,
      "p": 0.00018576360586365734,
      "ci": [
        2.1660763982415236,
        11.908791227060679
      ]
    },
    "ts": {
      "coef": 2.065971176410171,
      "OR": 7.892959632806294,
      "p": 2.535887548188432e-13,
      "ci": [
        4.538381643392629,
        13.727098481417862
      ]
    },
    "wc_z": {
      "coef": 0.8743929820039374,
      "OR": 2.3974195753617447,
      "p": 0.00016084927874870561,
      "ci": [
        1.5223489580550165,
        3.775494829825983
      ]
    }
  },
  "ord_R2": {
    "text": {
      "coef": 2.040981151939157,
      "OR": 7.698158557936296,
      "p": 5.812424634626694e-07,
      "ci": [
        3.457364533594179,
        17.140699109769916
      ]
    },
    "ts": {
      "coef": 1.98411447847096,
      "OR": 7.272604485367074,
      "p": 2.4084515671319467e-15,
      "ci": [
        4.450416840170025,
        11.884454400581642
      ]
    },
    "wc_z": {
      "coef": 1.0753550838800843,
      "OR": 2.931033478516743,
      "p": 5.361880660754525e-07,
      "ci": [
        1.9249644000089736,
        4.4629174711729265
      ]
    }
  }
}