{
  "n_total": 181,
  "n_after_filter": 179,
  "n_excluded_by_filter": 2,
  "n_analysed": 177,
  "n_vr": 88,
  "n_text": 89,
  "R1": {
    "vr_mean": 1.5795454545454546,
    "vr_med": 2.0,
    "vr_sd": 0.7982969071298751,
    "tx_mean": 1.7752808988764044,
    "tx_med": 2.0,
    "tx_sd": 0.6528401062205752,
    "U": 3397.0,
    "p": 0.0927768900739002,
    "r": 0.13253319713993872
  },
  "R2": {
    "vr_mean": 2.875,
    "vr_med": 3.0,
    "vr_sd": 1.3963211105179785,
    "tx_mean": 3.3258426966292136,
    "tx_med": 4.0,
    "tx_sd": 1.14589465741121,
    "U": 3206.5,
    "p": 0.02965168320557368,
    "r": 0.1811797752808989
  },
  "WC": {
    "vr_mean": 325.8181818181818,
    "vr_med": 305.5,
    "vr_sd": 135.60418613673266,
    "tx_mean": 147.37078651685394,
    "tx_med": 141.0,
    "tx_sd": 51.44997173390688,
    "U": 7228.0,
    "p": 2.5827372548073603e-22,
    "r": -0.8457609805924413
  },
  "spearman_wc_r2": {
    "rho": 0.12586701320635799,
    "p": 0.09505146122435905
  },
  "ord_R1": {
    "text": {
      "OR": 6.051361016639421,
      "p": 1.7319996090337246e-05,
      "ci": [
        2.6620936134756015,
        13.755703393876498
      ]
    },
    "wc_z": {
      "OR": 2.746294201861786,
      "p": 8.290804839672195e-06,
      "ci": [
        1.7612917871185136,
        4.282159207429593
      ]
    }
  },
  "ord_R2": {
    "text": {
      "OR": 7.887290465214381,
      "p": 1.4345043946389663e-07,
      "ci": [
        3.6539843046829668,
        17.025073370713123
      ]
    },
    "wc_z": {
      "OR": 3.140948800589833,
      "p": 3.4470000559946823e-08,
      "ci": [
        2.0915955886237585,
        4.716762371074857
      ]
    }
  }
}